_id,gender,race_ethnicity,parental_level_of_education,lunch,test_preparation_course,math_score,reading_score,writing_score
67f77042f976666093f1ca59,female,group D,master's degree,standard,none,62,70,75
67f77042f976666093f1cc53,male,group D,associate's degree,free/reduced,completed,79,82,80
67f77042f976666093f1ccf3,female,group B,some high school,standard,none,57,67,72
67f77042f976666093f1cc69,male,group B,bachelor's degree,free/reduced,completed,87,90,88
67f77042f976666093f1cd80,male,group E,high school,standard,none,73,64,57
67f77042f976666093f1cc90,female,group C,master's degree,free/reduced,none,40,58,54
67f77042f976666093f1cae1,female,group C,master's degree,standard,completed,81,91,87
67f77042f976666093f1cdd2,female,group C,some high school,free/reduced,none,48,56,51
67f77042f976666093f1cc2b,female,group D,master's degree,free/reduced,none,40,59,54
67f77042f976666093f1cd74,female,group B,high school,standard,completed,77,82,89
67f77042f976666093f1ca7d,female,group C,some high school,free/reduced,completed,71,84,87
67f77042f976666093f1cac9,male,group A,bachelor's degree,standard,none,77,67,68
67f77042f976666093f1cdd9,female,group C,bachelor's degree,standard,completed,52,61,66
67f77042f976666093f1cd77,female,group E,high school,free/reduced,none,41,45,40
67f77042f976666093f1cccb,female,group C,some college,free/reduced,completed,63,73,71
67f77042f976666093f1cb87,female,group B,some high school,free/reduced,none,24,38,27
67f77042f976666093f1ccd4,female,group D,high school,standard,completed,69,77,78
67f77042f976666093f1cb35,female,group B,high school,standard,none,65,64,62
67f77042f976666093f1cdc7,female,group C,associate's degree,standard,completed,57,77,80
67f77042f976666093f1cd00,male,group C,some college,free/reduced,none,74,77,73
67f77042f976666093f1cb6d,female,group C,associate's degree,free/reduced,completed,68,67,69
67f77042f976666093f1cd1a,male,group A,some high school,free/reduced,none,55,46,43
67f77042f976666093f1ce0b,male,group B,some college,free/reduced,completed,60,62,60
67f77042f976666093f1ca6d,male,group E,bachelor's degree,free/reduced,completed,79,74,72
67f77042f976666093f1cdbc,female,group B,some high school,free/reduced,completed,63,78,79
67f77042f976666093f1ca3e,female,group B,master's degree,standard,none,90,95,93
67f77042f976666093f1cc5c,female,group C,some college,free/reduced,completed,64,85,85
67f77042f976666093f1cb9a,female,group C,bachelor's degree,standard,completed,77,94,95
67f77042f976666093f1cdc4,female,group D,bachelor's degree,free/reduced,completed,93,100,100
67f77042f976666093f1cc54,female,group D,associate's degree,standard,none,82,95,89
67f77042f976666093f1cb94,male,group D,some college,standard,none,79,73,67
67f77042f976666093f1ce1e,male,group E,high school,free/reduced,completed,86,81,75
67f77042f976666093f1cc1d,female,group C,associate's degree,standard,none,64,64,70
67f77042f976666093f1cc7b,female,group A,high school,standard,none,55,73,73
67f77042f976666093f1ca5d,male,group D,some college,standard,none,40,42,38
67f77042f976666093f1ca5b,female,group B,some college,standard,none,63,65,61
67f77042f976666093f1cb23,male,group C,associate's degree,standard,none,46,43,42
67f77042f976666093f1cdff,female,group E,associate's degree,standard,none,100,100,100
67f77042f976666093f1cafc,female,group B,some high school,standard,none,62,64,66
67f77042f976666093f1cb89,male,group E,associate's degree,standard,completed,97,82,88
67f77042f976666093f1ca3f,male,group A,associate's degree,free/reduced,none,47,57,44
67f77042f976666093f1cb08,male,group C,some college,standard,none,59,41,42
67f77042f976666093f1cc3e,male,group C,master's degree,free/reduced,none,54,59,50
67f77042f976666093f1cd5b,male,group C,some high school,standard,completed,76,80,73
67f77042f976666093f1cb6e,female,group C,bachelor's degree,standard,completed,59,64,75
67f77042f976666093f1caa9,female,group C,some college,standard,none,55,69,65
67f77042f976666093f1cbea,female,group D,high school,standard,none,78,81,80
67f77042f976666093f1ca89,female,group A,some college,standard,none,58,70,67
67f77042f976666093f1ca90,male,group C,associate's degree,free/reduced,completed,78,81,82
67f77042f976666093f1cb5a,male,group E,associate's degree,standard,completed,71,74,68
67f77042f976666093f1ca8e,male,group C,associate's degree,free/reduced,completed,43,45,50
67f77042f976666093f1ce1b,male,group E,some high school,standard,completed,81,75,76
67f77042f976666093f1cd51,female,group C,master's degree,free/reduced,none,52,65,61
67f77042f976666093f1cdba,female,group E,some high school,free/reduced,none,32,34,38
67f77042f976666093f1cbca,female,group B,high school,free/reduced,none,50,67,63
67f77042f976666093f1cb7f,male,group C,associate's degree,standard,none,47,37,35
67f77042f976666093f1cc43,female,group C,high school,free/reduced,none,36,53,43
67f77042f976666093f1cdd0,female,group D,high school,free/reduced,completed,65,61,71
67f77042f976666093f1cdd6,male,group C,bachelor's degree,free/reduced,completed,70,75,74
67f77042f976666093f1ca41,female,group B,associate's degree,standard,none,71,83,78
67f77042f976666093f1cd17,female,group E,some college,free/reduced,none,53,58,57
67f77042f976666093f1cc0d,male,group E,bachelor's degree,standard,completed,76,62,66
67f77042f976666093f1ca9d,male,group E,associate's degree,standard,completed,66,63,64
67f77042f976666093f1cb46,male,group C,bachelor's degree,standard,none,83,78,73
67f77042f976666093f1cba1,female,group D,some college,standard,none,80,90,89
67f77042f976666093f1cda0,male,group B,high school,standard,none,59,58,47
67f77042f976666093f1cd5a,female,group E,associate's degree,free/reduced,none,70,84,81
67f77042f976666093f1cbb8,male,group C,master's degree,free/reduced,none,79,81,71
67f77042f976666093f1ccb3,female,group B,some high school,free/reduced,none,72,81,79
67f77042f976666093f1cbb9,female,group B,associate's degree,standard,none,80,86,83
67f77042f976666093f1cc26,male,group E,some college,standard,none,76,71,72
67f77042f976666093f1cab2,male,group D,master's degree,standard,none,82,82,74
67f77042f976666093f1cdc0,male,group D,master's degree,standard,none,85,84,89
67f77042f976666093f1cb36,male,group C,high school,standard,none,68,60,53
67f77042f976666093f1cc47,female,group C,some high school,standard,none,47,54,53
67f77042f976666093f1ca45,female,group B,high school,free/reduced,none,38,60,50
67f77042f976666093f1cb00,male,group C,some high school,free/reduced,completed,59,69,65
67f77042f976666093f1cc97,female,group A,associate's degree,standard,none,82,93,93
67f77042f976666093f1ca8d,male,group C,high school,standard,none,71,79,71
67f77042f976666093f1cd4b,female,group B,some high school,standard,completed,32,51,44
67f77042f976666093f1cc87,male,group A,some high school,standard,none,53,54,48
67f77042f976666093f1cd59,female,group E,associate's degree,free/reduced,completed,57,68,73
67f77042f976666093f1cb2b,male,group C,associate's degree,standard,none,84,80,80
67f77042f976666093f1cb5e,male,group A,some high school,standard,completed,46,41,43
67f77042f976666093f1cb0f,male,group C,some college,free/reduced,none,35,28,27
67f77042f976666093f1cd09,male,group C,associate's degree,standard,completed,73,78,72
67f77042f976666093f1cba3,male,group D,some college,free/reduced,none,59,62,61
67f77042f976666093f1cbfd,male,group C,bachelor's degree,free/reduced,none,53,58,55
67f77042f976666093f1cb1f,male,group D,high school,standard,none,57,50,54
67f77042f976666093f1cdf2,female,group E,some high school,free/reduced,none,74,74,72
67f77042f976666093f1cdee,male,group B,some high school,free/reduced,completed,49,50,52
67f77042f976666093f1cd58,male,group D,high school,standard,none,70,70,70
67f77042f976666093f1cc31,male,group D,some college,standard,none,76,71,73
67f77042f976666093f1cc0c,female,group D,bachelor's degree,standard,completed,71,76,83
67f77042f976666093f1cba6,female,group C,some college,standard,none,52,58,58
67f77042f976666093f1cc10,female,group D,master's degree,standard,none,55,64,70
67f77042f976666093f1cde3,male,group A,associate's degree,standard,none,67,57,53
67f77042f976666093f1cbe8,male,group D,associate's degree,standard,none,75,68,64
67f77042f976666093f1ca43,male,group B,some college,free/reduced,none,40,43,39
67f77042f976666093f1cad7,male,group C,high school,free/reduced,completed,53,51,51
67f77042f976666093f1cc59,female,group C,high school,free/reduced,none,62,67,64
67f77042f976666093f1cbf4,female,group C,associate's degree,free/reduced,completed,82,93,93
67f77042f976666093f1cc1e,female,group C,some college,standard,none,83,83,90
67f77042f976666093f1cbe2,male,group B,some high school,standard,completed,63,67,67
67f77042f976666093f1cd46,female,group C,bachelor's degree,free/reduced,none,62,78,79
67f77042f976666093f1cdf1,female,group D,some college,standard,completed,75,77,83
67f77042f976666093f1cb8a,female,group B,some high school,standard,none,67,89,82
67f77042f976666093f1cc7c,female,group C,bachelor's degree,free/reduced,none,44,63,62
67f77042f976666093f1cde2,male,group D,some college,free/reduced,none,70,63,58
67f77042f976666093f1cc73,female,group B,high school,standard,none,81,91,89
67f77042f976666093f1cc8e,male,group C,bachelor's degree,standard,completed,96,90,92
67f77042f976666093f1cc4e,male,group E,bachelor's degree,standard,completed,85,66,71
67f77042f976666093f1cc81,male,group A,some high school,standard,none,71,62,50
67f77042f976666093f1ccff,male,group D,associate's degree,standard,none,90,87,85
67f77042f976666093f1cbfc,male,group B,high school,standard,completed,72,65,68
67f77042f976666093f1cc01,male,group A,bachelor's degree,standard,completed,75,58,62
67f77042f976666093f1cb20,male,group A,some high school,free/reduced,none,68,72,64
67f77042f976666093f1cb9c,male,group E,associate's degree,standard,none,87,74,76
67f77042f976666093f1cd14,female,group D,high school,free/reduced,none,73,92,84
67f77042f976666093f1cb10,female,group C,high school,free/reduced,none,42,62,60
67f77042f976666093f1ca8b,female,group C,bachelor's degree,standard,none,65,72,74
67f77042f976666093f1cad0,male,group D,associate's degree,free/reduced,none,66,62,64
67f77042f976666093f1cb6a,male,group C,some college,standard,none,58,49,42
67f77042f976666093f1ccb0,female,group D,associate's degree,standard,none,76,74,73
67f77042f976666093f1cd45,female,group B,some high school,free/reduced,completed,52,67,72
67f77042f976666093f1cc36,female,group C,some high school,standard,completed,76,87,85
67f77042f976666093f1cb92,male,group C,high school,free/reduced,none,58,61,52
67f77042f976666093f1cc21,male,group C,high school,standard,completed,86,81,80
67f77042f976666093f1cd03,female,group B,associate's degree,standard,none,58,63,65
67f77042f976666093f1cac1,female,group D,some high school,standard,completed,61,74,72
67f77042f976666093f1ccfb,male,group C,some college,standard,completed,93,84,90
67f77042f976666093f1cb73,female,group D,associate's degree,free/reduced,none,56,65,63
67f77042f976666093f1cd0e,male,group B,some college,standard,none,47,43,41
67f77042f976666093f1ccb1,male,group D,high school,standard,none,41,52,51
67f77042f976666093f1ca3c,female,group B,bachelor's degree,standard,none,72,72,74
67f77042f976666093f1cb78,female,group C,high school,free/reduced,none,41,46,43
67f77042f976666093f1ccfe,female,group D,associate's degree,free/reduced,none,43,60,58
67f77042f976666093f1cc5f,male,group C,some high school,free/reduced,none,79,76,65
67f77042f976666093f1cda4,male,group B,associate's degree,standard,completed,82,84,78
67f77042f976666093f1cc50,male,group C,high school,standard,completed,75,69,68
67f77042f976666093f1cc19,male,group B,high school,standard,none,47,46,42
67f77042f976666093f1cbd0,female,group C,some high school,standard,completed,59,54,67
67f77042f976666093f1cae8,female,group E,high school,standard,none,50,50,47
67f77042f976666093f1cab9,male,group C,bachelor's degree,standard,none,58,55,48
67f77042f976666093f1cbc6,female,group D,some college,standard,none,77,68,77
67f77042f976666093f1cbe0,male,group E,high school,standard,none,84,73,69
67f77042f976666093f1cc64,male,group A,associate's degree,free/reduced,completed,79,82,82
67f77042f976666093f1cdc3,female,group A,high school,free/reduced,completed,34,48,41
67f77042f976666093f1ca96,male,group B,some college,standard,none,79,67,67
67f77042f976666093f1cde7,male,group C,master's degree,free/reduced,completed,72,66,72
67f77042f976666093f1caf1,male,group D,some college,standard,completed,76,83,79
67f77042f976666093f1cb4e,female,group B,some high school,standard,none,37,46,46
67f77042f976666093f1cdbb,female,group E,associate's degree,standard,none,59,62,69
67f77042f976666093f1ca81,male,group D,associate's degree,standard,none,52,55,49
67f77042f976666093f1cb5f,female,group C,associate's degree,standard,completed,67,84,81
67f77042f976666093f1cabf,female,group C,some college,free/reduced,none,59,62,64
67f77042f976666093f1cb68,female,group B,associate's degree,standard,none,73,76,80
67f77042f976666093f1cbe4,male,group C,some college,free/reduced,completed,50,48,53
67f77042f976666093f1cb82,male,group E,associate's degree,standard,completed,62,56,53
67f77042f976666093f1cacc,male,group D,some high school,standard,none,62,67,61
67f77042f976666093f1cbe3,male,group C,some high school,standard,none,73,66,66
67f77042f976666093f1cc80,male,group C,some college,free/reduced,none,58,57,54
67f77042f976666093f1cac3,female,group C,some college,free/reduced,none,22,39,33
67f77042f976666093f1cbfe,male,group B,some college,free/reduced,none,54,54,45
67f77042f976666093f1cae0,male,group B,associate's degree,free/reduced,none,44,41,38
67f77042f976666093f1ca58,male,group C,high school,standard,none,70,70,65
67f77042f976666093f1cd41,female,group A,some college,standard,completed,72,79,82
67f77042f976666093f1cafd,male,group D,some college,standard,completed,77,62,62
67f77042f976666093f1cbc0,female,group E,some college,standard,none,67,76,75
67f77042f976666093f1cd90,male,group C,some high school,standard,none,62,64,55
67f77042f976666093f1cae5,male,group C,master's degree,free/reduced,completed,62,68,75
67f77042f976666093f1ccfd,male,group C,some college,standard,none,66,59,52
67f77042f976666093f1cac8,male,group A,some high school,standard,completed,62,67,69
67f77042f976666093f1cae9,female,group D,associate's degree,standard,none,65,69,70
67f77042f976666093f1ca42,female,group B,some college,standard,completed,88,95,92
67f77042f976666093f1cd25,male,group B,some college,standard,completed,87,84,86
67f77042f976666093f1cc1a,female,group C,associate's degree,free/reduced,none,60,75,74
67f77042f976666093f1ca85,male,group D,high school,free/reduced,none,42,39,34
67f77042f976666093f1cdca,female,group C,high school,free/reduced,none,35,53,46
67f77042f976666093f1cd69,male,group A,some high school,standard,none,51,31,36
67f77042f976666093f1cb2a,male,group B,some college,standard,none,54,52,51
67f77042f976666093f1cacd,female,group C,some college,standard,completed,70,89,88
67f77042f976666093f1cd54,male,group D,high school,free/reduced,none,66,74,69
67f77042f976666093f1cb26,male,group C,bachelor's degree,standard,completed,83,82,84
67f77042f976666093f1cb18,female,group D,high school,standard,completed,56,68,74
67f77042f976666093f1cdd7,male,group E,bachelor's degree,standard,completed,100,100,100
67f77042f976666093f1cc30,male,group C,master's degree,standard,none,79,78,77
67f77042f976666093f1cac0,female,group A,associate's degree,free/reduced,none,41,51,48
67f77042f976666093f1ce1a,female,group C,associate's degree,standard,none,40,59,51
67f77042f976666093f1cd42,female,group D,some high school,standard,none,68,71,75
67f77042f976666093f1caf5,female,group E,bachelor's degree,standard,completed,99,100,100
67f77042f976666093f1ca65,female,group B,associate's degree,standard,none,53,58,65
67f77042f976666093f1ccf4,male,group A,bachelor's degree,standard,completed,87,84,87
67f77042f976666093f1caa8,female,group D,some high school,standard,none,51,63,61
67f77042f976666093f1cc88,female,group D,high school,standard,none,69,77,73
67f77042f976666093f1ca74,female,group C,some college,standard,none,60,72,74
67f77042f976666093f1cbd1,male,group A,some college,standard,none,53,43,43
67f77042f976666093f1cbf6,male,group C,some college,free/reduced,none,65,58,49
67f77042f976666093f1cd31,female,group C,high school,free/reduced,none,53,72,64
67f77042f976666093f1ce21,female,group B,high school,free/reduced,none,8,24,23
67f77042f976666093f1ca54,male,group A,master's degree,free/reduced,none,73,74,72
67f77042f976666093f1cc0f,male,group D,some college,standard,none,68,59,62
67f77042f976666093f1cc57,male,group C,high school,standard,completed,72,67,64
67f77042f976666093f1cc4f,male,group C,associate's degree,standard,completed,51,60,58
67f77042f976666093f1cca6,male,group D,some college,free/reduced,none,49,57,46
67f77042f976666093f1ccf2,female,group E,bachelor's degree,standard,completed,79,81,82
67f77042f976666093f1cdda,female,group C,bachelor's degree,free/reduced,completed,47,62,66
67f77042f976666093f1cb8e,male,group D,some high school,free/reduced,none,59,42,41
67f77042f976666093f1ca6f,male,group A,associate's degree,free/reduced,none,62,61,55
67f77042f976666093f1cc37,female,group E,some college,standard,completed,66,74,73
67f77042f976666093f1cc40,male,group E,some college,standard,none,68,60,59
67f77042f976666093f1cdd4,male,group D,some college,free/reduced,none,62,57,62
67f77042f976666093f1cd49,male,group E,associate's degree,standard,completed,94,85,82
67f77042f976666093f1cb44,female,group C,bachelor's degree,standard,none,63,75,81
67f77042f976666093f1cd6d,female,group D,some high school,free/reduced,completed,69,86,81
67f77042f976666093f1cd02,female,group E,some high school,standard,completed,80,85,85
67f77042f976666093f1cce6,male,group E,some college,free/reduced,none,93,90,83
67f77042f976666093f1cd7c,female,group C,master's degree,standard,completed,54,64,67
67f77042f976666093f1cc42,female,group E,some college,standard,none,100,92,97
67f77042f976666093f1cbfb,female,group E,bachelor's degree,standard,none,100,100,100
67f77042f976666093f1ca4e,female,group C,associate's degree,free/reduced,none,54,58,61
67f77042f976666093f1cd07,female,group B,associate's degree,free/reduced,completed,76,94,87
67f77042f976666093f1cc1f,female,group C,bachelor's degree,standard,none,81,88,90
67f77042f976666093f1cc74,female,group B,associate's degree,standard,none,40,48,50
67f77042f976666093f1cbed,female,group B,associate's degree,standard,none,73,83,76
67f77042f976666093f1cbab,male,group C,some college,standard,none,59,60,58
67f77042f976666093f1ca8f,female,group B,some college,standard,none,79,86,92
67f77042f976666093f1ca79,male,group E,some college,standard,none,53,55,48
67f77042f976666093f1ccba,female,group B,high school,standard,none,50,53,55
67f77042f976666093f1cb4c,female,group D,bachelor's degree,free/reduced,none,73,79,84
67f77042f976666093f1cb59,male,group D,high school,free/reduced,completed,78,77,80
67f77042f976666093f1cba4,female,group B,high school,standard,none,58,62,59
67f77042f976666093f1cb9e,male,group E,some college,standard,none,66,57,52
67f77042f976666093f1cc04,male,group A,high school,free/reduced,completed,72,67,65
67f77042f976666093f1cb52,female,group D,associate's degree,free/reduced,none,47,53,58
67f77042f976666093f1ca48,male,group A,some college,standard,completed,78,72,70
67f77042f976666093f1caf2,male,group E,some high school,standard,none,30,26,22
67f77042f976666093f1cbac,female,group D,some high school,standard,none,73,84,85
67f77042f976666093f1cdad,female,group E,bachelor's degree,standard,completed,71,70,70
67f77042f976666093f1cca3,male,group D,some college,standard,completed,100,97,99
67f77042f976666093f1cb1b,male,group D,some high school,standard,none,86,80,75
67f77042f976666093f1cc78,female,group D,associate's degree,standard,completed,73,75,80
67f77042f976666093f1ce06,female,group D,bachelor's degree,standard,none,89,100,100
67f77042f976666093f1ccc9,male,group D,associate's degree,standard,none,80,63,63
67f77042f976666093f1cc5d,female,group A,some high school,standard,completed,59,85,80
67f77042f976666093f1cc82,male,group E,bachelor's degree,standard,none,68,68,64
67f77042f976666093f1ccb5,male,group D,high school,free/reduced,none,60,57,51
67f77042f976666093f1caec,male,group E,high school,standard,none,80,76,65
67f77042f976666093f1ccd5,female,group B,some college,standard,completed,50,64,66
67f77042f976666093f1ccdd,female,group C,some high school,free/reduced,completed,29,40,44
67f77042f976666093f1cc85,female,group C,bachelor's degree,standard,completed,56,79,72
67f77042f976666093f1cda5,male,group E,associate's degree,free/reduced,none,90,90,82
67f77042f976666093f1cbc5,male,group E,some high school,free/reduced,completed,73,67,59
67f77042f976666093f1cadf,female,group C,bachelor's degree,free/reduced,completed,43,51,54
67f77042f976666093f1cb34,female,group B,high school,standard,completed,58,70,68
67f77042f976666093f1ccb6,female,group B,bachelor's degree,standard,completed,65,81,81
67f77042f976666093f1cdb1,female,group C,associate's degree,standard,completed,62,76,80
67f77042f976666093f1ccd9,male,group D,some college,free/reduced,none,63,61,60
67f77042f976666093f1cbb3,female,group D,some high school,standard,none,80,90,82
67f77042f976666093f1cbd8,male,group D,associate's degree,standard,completed,87,84,85
67f77042f976666093f1ca86,female,group C,some college,standard,none,73,80,82
67f77042f976666093f1caad,male,group D,high school,free/reduced,none,63,57,56
67f77042f976666093f1cc92,male,group B,bachelor's degree,free/reduced,none,48,51,46
67f77042f976666093f1cdfd,female,group C,some high school,free/reduced,completed,65,76,75
67f77042f976666093f1cbc2,female,group C,some high school,standard,completed,65,74,77
67f77042f976666093f1caa4,male,group D,some college,standard,completed,63,55,63
67f77042f976666093f1caae,male,group E,some college,standard,none,83,80,73
67f77042f976666093f1cbdd,male,group E,high school,free/reduced,completed,57,56,54
67f77042f976666093f1cc49,female,group E,associate's degree,standard,completed,79,88,94
67f77042f976666093f1cc05,female,group A,high school,free/reduced,completed,77,88,85
67f77042f976666093f1cbd5,female,group B,associate's degree,standard,none,82,80,77
67f77042f976666093f1ca98,male,group C,some high school,free/reduced,none,61,57,56
67f77042f976666093f1cdde,male,group D,some college,standard,none,88,77,77
67f77042f976666093f1ca95,female,group D,bachelor's degree,standard,none,65,67,62
67f77042f976666093f1cb8c,male,group E,some high school,standard,completed,77,76,77
67f77042f976666093f1ce18,male,group A,high school,standard,none,57,51,54
67f77042f976666093f1cdd5,male,group D,associate's degree,free/reduced,completed,61,71,73
67f77042f976666093f1cde1,male,group C,associate's degree,standard,completed,98,87,90
67f77042f976666093f1cc99,female,group E,bachelor's degree,standard,none,37,45,38
67f77042f976666093f1cc8d,female,group C,some college,standard,none,63,74,74
67f77042f976666093f1cc9f,male,group C,high school,free/reduced,completed,58,51,52
67f77042f976666093f1ca9a,male,group C,some college,standard,completed,98,86,90
67f77042f976666093f1ca47,male,group D,associate's degree,standard,none,40,52,43
67f77042f976666093f1cbc8,male,group B,associate's degree,standard,completed,65,65,63
67f77042f976666093f1cc51,male,group A,associate's degree,standard,completed,97,92,86
67f77042f976666093f1ca67,male,group C,associate's degree,free/reduced,none,55,61,54
67f77042f976666093f1ca66,male,group B,some college,free/reduced,completed,59,65,66
67f77042f976666093f1cb85,male,group D,some high school,standard,completed,76,70,69
67f77042f976666093f1cae3,female,group B,high school,free/reduced,completed,46,54,58
67f77042f976666093f1cc2d,male,group A,high school,standard,none,68,70,66
67f77042f976666093f1cda8,male,group D,some college,standard,none,81,82,84
67f77042f976666093f1cc91,female,group E,some college,standard,none,61,64,62
67f77042f976666093f1cd30,female,group C,high school,standard,completed,58,75,77
67f77042f976666093f1caa0,female,group D,associate's degree,free/reduced,completed,77,89,98
67f77042f976666093f1cbe6,male,group D,associate's degree,free/reduced,none,75,66,73
67f77042f976666093f1caee,male,group D,some high school,standard,completed,62,66,68
67f77042f976666093f1cbf8,male,group C,bachelor's degree,free/reduced,none,37,56,47
67f77042f976666093f1cbdc,male,group C,some high school,free/reduced,none,69,71,65
67f77042f976666093f1cda2,male,group C,associate's degree,free/reduced,none,49,51,51
67f77042f976666093f1cdae,female,group B,high school,free/reduced,none,64,73,71
67f77042f976666093f1cce4,female,group B,high school,free/reduced,completed,67,80,81
67f77042f976666093f1caed,male,group B,some high school,free/reduced,none,48,52,45
67f77042f976666093f1cbc7,female,group C,some high school,standard,none,63,73,68
67f77042f976666093f1cdcb,male,group D,high school,standard,none,72,66,66
67f77042f976666093f1cd55,female,group D,some college,free/reduced,none,60,66,70
67f77042f976666093f1cdfc,female,group A,some college,standard,none,56,58,64
67f77042f976666093f1cce8,female,group E,associate's degree,free/reduced,none,73,76,78
67f77042f976666093f1cbbb,female,group C,associate's degree,free/reduced,none,57,78,67
67f77042f976666093f1cdf8,female,group D,master's degree,standard,none,92,100,100
67f77042f976666093f1cd2b,female,group C,bachelor's degree,free/reduced,none,50,60,59
67f77042f976666093f1cb3d,male,group C,some college,standard,completed,79,79,78
67f77042f976666093f1cc56,female,group A,some high school,standard,completed,92,100,97
67f77042f976666093f1cb8b,male,group B,bachelor's degree,free/reduced,none,88,75,76
67f77042f976666093f1ca4b,male,group C,high school,standard,none,88,89,86
67f77042f976666093f1cb80,male,group C,high school,standard,none,71,60,61
67f77042f976666093f1cd32,male,group D,some college,standard,none,55,58,52
67f77042f976666093f1cb1a,female,group C,some high school,free/reduced,none,55,65,62
67f77042f976666093f1caef,female,group C,bachelor's degree,standard,none,77,88,87
67f77042f976666093f1ce13,male,group A,high school,standard,none,63,63,62
67f77042f976666093f1ca52,female,group C,some high school,standard,none,69,73,73
67f77042f976666093f1cba0,female,group B,bachelor's degree,standard,none,61,72,70
67f77042f976666093f1ccd6,female,group E,some college,standard,completed,73,78,76
67f77042f976666093f1cd99,male,group D,bachelor's degree,free/reduced,completed,39,42,38
67f77042f976666093f1cb90,female,group E,high school,standard,none,99,93,90
67f77042f976666093f1cbeb,male,group D,some high school,standard,completed,89,88,82
67f77042f976666093f1cc63,male,group B,some high school,standard,completed,64,53,57
67f77042f976666093f1cd7d,male,group C,high school,standard,none,62,67,58
67f77042f976666093f1cb07,female,group B,associate's degree,standard,none,57,69,68
67f77042f976666093f1ccb2,female,group D,associate's degree,free/reduced,completed,74,88,90
67f77042f976666093f1ca99,female,group D,associate's degree,standard,none,85,91,89
67f77042f976666093f1cc6a,male,group B,high school,free/reduced,none,63,48,47
67f77042f976666093f1ca80,female,group E,master's degree,standard,none,62,68,68
67f77042f976666093f1ccaa,female,group B,bachelor's degree,standard,completed,66,74,81
67f77042f976666093f1cb58,male,group B,associate's degree,free/reduced,none,67,62,60
67f77042f976666093f1cd88,male,group E,master's degree,standard,none,90,85,84
67f77042f976666093f1cbee,male,group A,some high school,free/reduced,none,79,82,73
67f77042f976666093f1cad5,female,group E,master's degree,standard,none,81,92,91
67f77042f976666093f1ca87,female,group C,some college,free/reduced,none,76,83,88
67f77042f976666093f1cd16,female,group C,some college,standard,completed,87,89,94
67f77042f976666093f1cbfa,male,group D,associate's degree,free/reduced,none,53,54,48
67f77042f976666093f1caf8,female,group E,some college,free/reduced,completed,75,88,85
67f77042f976666093f1cb4b,male,group D,high school,standard,none,45,48,46
67f77042f976666093f1cb28,male,group D,bachelor's degree,free/reduced,none,63,66,67
67f77042f976666093f1cc23,female,group C,some college,standard,none,54,48,52
67f77042f976666093f1cab1,male,group D,some college,standard,completed,65,77,74
67f77042f976666093f1cdeb,female,group B,high school,standard,none,58,68,61
67f77042f976666093f1cc3c,male,group D,bachelor's degree,standard,none,69,58,57
67f77042f976666093f1cd75,male,group A,bachelor's degree,standard,none,64,60,58
67f77042f976666093f1cc8b,female,group B,associate's degree,free/reduced,none,53,70,70
67f77042f976666093f1caba,male,group B,some high school,standard,completed,51,54,41
67f77042f976666093f1cab0,male,group B,some high school,standard,none,72,68,67
67f77042f976666093f1cc15,male,group A,high school,standard,none,59,52,46
67f77042f976666093f1ccf1,male,group C,high school,free/reduced,none,66,66,59
67f77042f976666093f1ca75,male,group B,associate's degree,free/reduced,none,61,58,56
67f77042f976666093f1cd9b,male,group D,some college,standard,completed,82,82,88
67f77042f976666093f1cdcc,female,group B,associate's degree,free/reduced,none,54,65,65
67f77042f976666093f1cbad,female,group A,some high school,free/reduced,none,44,64,58
67f77042f976666093f1cb48,female,group C,some high school,free/reduced,none,65,86,80
67f77042f976666093f1ca6a,female,group A,associate's degree,standard,completed,55,65,62
67f77042f976666093f1cb99,male,group B,some college,standard,none,62,61,57
67f77042f976666093f1caff,male,group D,associate's degree,standard,none,61,55,52
67f77042f976666093f1ce23,female,group A,some college,standard,completed,78,87,91
67f77042f976666093f1cd7e,male,group B,some college,standard,none,58,50,45
67f77042f976666093f1cd1c,male,group C,master's degree,standard,none,67,57,59
67f77042f976666093f1cb43,male,group B,some college,standard,completed,88,85,76
67f77042f976666093f1cbf7,female,group C,associate's degree,free/reduced,none,53,61,62
67f77042f976666093f1ccdf,female,group E,master's degree,standard,completed,94,99,100
67f77042f976666093f1cb6c,male,group D,bachelor's degree,standard,completed,67,61,68
67f77042f976666093f1cb91,female,group C,high school,standard,none,72,80,75
67f77042f976666093f1ce02,male,group A,some high school,standard,completed,66,68,64
67f77042f976666093f1cad1,male,group B,associate's degree,free/reduced,completed,82,78,74
67f77042f976666093f1cab8,male,group D,bachelor's degree,free/reduced,completed,74,79,75
67f77042f976666093f1cd4e,male,group C,associate's degree,free/reduced,none,68,65,61
67f77042f976666093f1ca6e,male,group A,some high school,free/reduced,none,39,39,34
67f77042f976666093f1cb9d,female,group C,some college,standard,completed,63,78,80
67f77042f976666093f1cddb,female,group B,associate's degree,free/reduced,none,46,61,55
67f77042f976666093f1caca,female,group B,associate's degree,standard,completed,59,70,66
67f77042f976666093f1cc12,male,group B,high school,standard,completed,73,71,68
67f77042f976666093f1cbcb,male,group C,associate's degree,standard,completed,57,54,56
67f77042f976666093f1ccad,male,group A,high school,standard,none,71,74,64
67f77042f976666093f1cb7c,male,group A,some college,free/reduced,none,28,23,19
67f77042f976666093f1ca4f,male,group D,high school,standard,none,66,69,63
67f77042f976666093f1cd65,female,group A,some high school,standard,completed,85,90,92
67f77042f976666093f1cd52,female,group B,some college,standard,none,19,38,32
67f77042f976666093f1cd64,female,group C,some high school,standard,none,77,91,88
67f77042f976666093f1cbd3,female,group C,high school,standard,none,54,59,62
67f77042f976666093f1cc55,male,group E,some high school,free/reduced,completed,78,83,80
67f77042f976666093f1cca8,female,group D,master's degree,standard,none,53,61,68
67f77042f976666093f1ca62,female,group D,associate's degree,free/reduced,completed,75,90,88
67f77042f976666093f1caeb,male,group C,associate's degree,free/reduced,completed,65,67,65
67f77042f976666093f1cb31,male,group E,associate's degree,standard,none,89,76,74
67f77042f976666093f1cd78,female,group D,some college,free/reduced,none,64,74,75
67f77042f976666093f1ccd7,female,group C,some high school,standard,completed,70,82,76
67f77042f976666093f1cd2e,female,group C,some high school,standard,completed,77,90,85
67f77042f976666093f1cd96,male,group E,some high school,standard,none,82,67,61
67f77042f976666093f1cad6,female,group C,bachelor's degree,standard,completed,96,100,100
67f77042f976666093f1cb5b,male,group C,high school,free/reduced,completed,40,46,50
67f77042f976666093f1cc96,female,group C,associate's degree,standard,none,65,77,74
67f77042f976666093f1cc75,female,group D,some high school,standard,none,81,97,96
67f77042f976666093f1cd23,male,group D,associate's degree,standard,none,72,79,74
67f77042f976666093f1ca4d,male,group C,master's degree,free/reduced,completed,46,42,46
67f77042f976666093f1cabb,male,group E,high school,standard,none,70,55,56
67f77042f976666093f1cb7e,male,group C,associate's degree,standard,completed,82,75,77
67f77042f976666093f1cb3b,male,group D,high school,standard,none,54,52,52
67f77042f976666093f1cccd,male,group C,some college,standard,none,73,74,61
67f77042f976666093f1ce00,female,group D,some college,standard,none,62,70,72
67f77042f976666093f1cafa,female,group B,associate's degree,standard,completed,61,86,87
67f77042f976666093f1caaf,female,group B,high school,standard,none,87,95,86
67f77042f976666093f1cca4,male,group B,associate's degree,free/reduced,completed,69,70,63
67f77042f976666093f1cc9a,male,group D,bachelor's degree,standard,none,88,78,83
67f77042f976666093f1caf0,female,group E,associate's degree,standard,none,66,65,69
67f77042f976666093f1cb69,male,group C,bachelor's degree,standard,none,69,63,61
67f77042f976666093f1cd33,male,group E,bachelor's degree,free/reduced,completed,70,68,72
67f77042f976666093f1cd04,male,group D,master's degree,standard,none,81,81,84
67f77042f976666093f1cd0f,male,group D,some high school,free/reduced,completed,55,59,59
67f77042f976666093f1cce9,female,group C,bachelor's degree,free/reduced,completed,66,74,81
67f77042f976666093f1ce0f,female,group C,some high school,standard,none,74,75,82
67f77042f976666093f1cc41,male,group C,some high school,free/reduced,completed,56,61,60
67f77042f976666093f1ce14,female,group E,master's degree,standard,completed,88,99,95
67f77042f976666093f1ca69,female,group E,associate's degree,free/reduced,none,50,56,54
67f77042f976666093f1cdc9,male,group D,high school,free/reduced,none,69,70,67
67f77042f976666093f1cad9,female,group B,high school,standard,completed,68,83,78
67f77042f976666093f1cd8f,female,group E,some college,standard,none,87,85,93
67f77042f976666093f1cae7,female,group C,some college,free/reduced,none,46,64,66
67f77042f976666093f1ca4c,female,group B,some high school,free/reduced,none,18,32,28
67f77042f976666093f1cc3b,female,group C,associate's degree,standard,none,91,86,84
67f77042f976666093f1ca6c,male,group D,high school,standard,none,88,78,75
67f77042f976666093f1ce07,female,group A,high school,free/reduced,completed,53,50,60
67f77042f976666093f1cde8,female,group D,master's degree,standard,none,78,91,96
67f77042f976666093f1cc3f,male,group C,high school,standard,completed,53,52,49
67f77042f976666093f1cdf4,male,group C,high school,standard,completed,58,52,54
67f77042f976666093f1cc1c,female,group A,associate's degree,free/reduced,none,65,85,76
67f77042f976666093f1cb57,female,group C,some high school,free/reduced,none,44,50,51
67f77042f976666093f1cd0a,female,group C,some college,free/reduced,none,62,72,70
67f77042f976666093f1cda9,male,group C,some high school,standard,none,57,61,54
67f77042f976666093f1cb1d,female,group E,master's degree,free/reduced,none,45,56,54
67f77042f976666093f1ca56,female,group C,bachelor's degree,standard,none,67,69,75
67f77042f976666093f1cdf6,male,group E,associate's degree,standard,none,72,57,62
67f77042f976666093f1cbf1,male,group C,associate's degree,standard,none,74,73,67
67f77042f976666093f1cdf3,female,group D,some college,free/reduced,none,49,58,60
67f77042f976666093f1cba8,male,group A,bachelor's degree,free/reduced,completed,49,58,60
67f77042f976666093f1cb21,female,group C,some college,standard,completed,88,95,94
67f77042f976666093f1ca61,female,group D,some high school,free/reduced,none,50,64,59
67f77042f976666093f1ce01,female,group C,bachelor's degree,free/reduced,none,67,75,72
67f77042f976666093f1cbb2,female,group D,some college,standard,completed,82,97,96
67f77042f976666093f1cc11,male,group E,associate's degree,standard,none,76,71,67
67f77042f976666093f1ce03,male,group C,some college,standard,none,63,63,60
67f77042f976666093f1cd8e,female,group A,high school,standard,none,61,68,63
67f77042f976666093f1ccfc,male,group E,some college,standard,none,86,76,74
67f77042f976666093f1cd85,female,group B,high school,free/reduced,completed,23,44,36
67f77042f976666093f1cafe,female,group C,master's degree,standard,completed,69,84,85
67f77042f976666093f1cd92,male,group B,some college,free/reduced,none,75,68,65
67f77042f976666093f1cd9c,male,group C,high school,free/reduced,none,59,53,52
67f77042f976666093f1cc33,male,group D,some high school,free/reduced,none,62,49,52
67f77042f976666093f1ce05,female,group B,bachelor's degree,standard,none,75,84,80
67f77042f976666093f1cd7a,male,group C,high school,standard,none,90,75,69
67f77042f976666093f1cc7f,female,group D,some college,free/reduced,completed,63,80,80
67f77042f976666093f1ce04,female,group E,associate's degree,standard,none,68,76,67
67f77042f976666093f1cade,female,group C,associate's degree,standard,none,63,67,70
67f77042f976666093f1cdc8,male,group B,some college,standard,completed,91,96,91
67f77042f976666093f1cad4,male,group C,high school,standard,none,52,53,49
67f77042f976666093f1cd5d,male,group C,some high school,standard,completed,67,73,68
67f77042f976666093f1ce1d,female,group D,some college,free/reduced,completed,67,86,83
67f77042f976666093f1cd2f,male,group C,associate's degree,free/reduced,none,58,55,53
67f77042f976666093f1caab,male,group B,associate's degree,standard,completed,91,89,92
67f77042f976666093f1cb1e,female,group C,some college,standard,none,72,72,71
67f77042f976666093f1ccec,female,group D,some college,free/reduced,none,79,89,86
67f77042f976666093f1caa3,female,group D,some college,free/reduced,completed,58,63,73
67f77042f976666093f1cbe1,male,group C,high school,standard,none,61,56,55
67f77042f976666093f1cbdf,male,group C,some high school,free/reduced,none,68,63,54
67f77042f976666093f1cd2a,male,group C,some college,standard,none,69,64,68
67f77042f976666093f1cc86,male,group B,high school,free/reduced,none,30,24,15
67f77042f976666093f1cd48,female,group D,associate's degree,free/reduced,none,46,56,57
67f77042f976666093f1ccdc,male,group B,high school,standard,none,62,55,54
67f77042f976666093f1cab3,female,group A,bachelor's degree,standard,none,51,49,51
67f77042f976666093f1ca71,female,group D,some high school,standard,none,59,58,59
67f77042f976666093f1cad3,male,group B,master's degree,free/reduced,none,49,53,52
67f77042f976666093f1cbcf,male,group D,some high school,standard,none,60,59,54
67f77042f976666093f1cded,male,group B,high school,standard,none,82,82,80
67f77042f976666093f1cb0b,male,group E,high school,standard,completed,81,80,76
67f77042f976666093f1ccce,male,group D,associate's degree,standard,completed,81,72,77
67f77042f976666093f1cd87,female,group D,some high school,free/reduced,completed,40,65,64
67f77042f976666093f1cd36,female,group B,high school,standard,none,74,72,72
67f77042f976666093f1ca44,male,group D,high school,free/reduced,completed,64,64,67
67f77042f976666093f1cd63,female,group B,high school,free/reduced,none,60,72,68
67f77042f976666093f1ca60,female,group D,associate's degree,standard,none,74,81,83
67f77042f976666093f1cc00,female,group C,some college,free/reduced,none,77,90,91
67f77042f976666093f1ccc7,female,group D,some college,free/reduced,none,55,71,69
67f77042f976666093f1cb39,female,group B,some high school,standard,completed,60,70,70
67f77042f976666093f1cb6b,male,group D,high school,standard,none,76,73,68
67f77042f976666093f1cd26,male,group B,some college,free/reduced,none,55,55,47
67f77042f976666093f1cc77,female,group D,bachelor's degree,free/reduced,none,63,73,78
67f77042f976666093f1ccab,female,group C,high school,standard,none,75,88,85
67f77042f976666093f1cd18,male,group D,some high school,standard,none,55,47,44
67f77042f976666093f1cdb7,female,group E,associate's degree,standard,none,85,92,85
67f77042f976666093f1cb42,female,group D,some college,standard,none,65,70,71
67f77042f976666093f1cc9e,male,group B,bachelor's degree,free/reduced,none,62,63,56
67f77042f976666093f1cb65,male,group C,some high school,standard,none,51,52,44
67f77042f976666093f1cbda,male,group D,associate's degree,standard,none,71,66,60
67f77042f976666093f1cad2,male,group A,associate's degree,standard,none,54,53,47
67f77042f976666093f1cd50,female,group B,high school,standard,none,48,62,60
67f77042f976666093f1ccbc,male,group C,some high school,free/reduced,completed,51,56,53
67f77042f976666093f1cdb5,male,group D,high school,free/reduced,none,44,51,48
67f77042f976666093f1cc62,female,group D,some college,standard,completed,74,75,79
67f77042f976666093f1cdb2,male,group C,high school,free/reduced,none,54,72,59
67f77042f976666093f1cc24,female,group D,some college,free/reduced,completed,59,78,76
67f77042f976666093f1cacf,male,group C,high school,standard,none,62,55,49
67f77042f976666093f1cace,female,group D,some college,standard,none,51,58,54
67f77042f976666093f1cd0c,female,group C,high school,standard,none,76,76,74
67f77042f976666093f1cddf,male,group B,high school,standard,none,57,48,51
67f77042f976666093f1cd1f,male,group D,associate's degree,standard,none,81,71,73
67f77042f976666093f1cccf,female,group C,high school,free/reduced,none,66,76,68
67f77042f976666093f1cb98,female,group B,bachelor's degree,standard,none,52,65,69
67f77042f976666093f1cc0b,female,group B,associate's degree,standard,completed,90,90,91
67f77042f976666093f1cb81,male,group B,associate's degree,standard,none,90,78,81
67f77042f976666093f1caf6,female,group E,some college,free/reduced,completed,42,55,54
67f77042f976666093f1cab7,female,group C,some college,standard,completed,75,81,84
67f77042f976666093f1cd91,female,group B,bachelor's degree,standard,none,97,97,96
67f77042f976666093f1cc9c,male,group C,associate's degree,free/reduced,completed,65,73,68
67f77042f976666093f1cacb,male,group D,bachelor's degree,standard,none,54,49,47
67f77042f976666093f1cdfa,female,group D,high school,standard,none,45,63,59
67f77042f976666093f1cb01,male,group E,high school,free/reduced,none,55,56,51
67f77042f976666093f1cc9d,female,group C,high school,free/reduced,none,35,61,54
67f77042f976666093f1cb53,male,group C,associate's degree,standard,none,76,70,68
67f77042f976666093f1cb61,male,group B,associate's degree,standard,none,80,76,64
67f77042f976666093f1cbcc,female,group D,master's degree,standard,completed,70,71,74
67f77042f976666093f1cab6,male,group E,some college,free/reduced,completed,87,74,70
67f77042f976666093f1caf3,male,group A,bachelor's degree,standard,completed,80,78,81
67f77042f976666093f1cb06,male,group C,associate's degree,standard,none,69,77,69
67f77042f976666093f1cbf2,male,group C,bachelor's degree,standard,completed,71,74,68
67f77042f976666093f1cb32,male,group C,associate's degree,standard,none,85,76,71
67f77042f976666093f1cbdb,male,group C,bachelor's degree,standard,none,86,83,86
67f77042f976666093f1cde0,female,group D,some college,standard,completed,79,84,91
67f77042f976666093f1cd39,female,group B,high school,standard,none,66,72,70
67f77042f976666093f1cdc6,female,group C,high school,standard,none,44,61,52
67f77042f976666093f1cd7f,female,group C,high school,standard,completed,60,64,74
67f77042f976666093f1cdb3,female,group D,some college,free/reduced,none,69,65,74
67f77042f976666093f1cabd,male,group D,some college,standard,completed,71,61,69
67f77042f976666093f1ccb9,female,group E,high school,free/reduced,none,64,62,68
67f77042f976666093f1cbce,male,group B,some high school,standard,none,74,63,57
67f77042f976666093f1cd4c,female,group C,associate's degree,standard,completed,52,59,62
67f77042f976666093f1cd3e,male,group D,some college,standard,none,60,63,59
67f77042f976666093f1cd1b,female,group B,some college,free/reduced,completed,53,66,73
67f77042f976666093f1cdcd,male,group D,high school,free/reduced,none,74,70,69
67f77042f976666093f1cb17,male,group B,some high school,standard,completed,61,56,56
67f77042f976666093f1ccbd,female,group A,high school,standard,completed,68,80,76
67f77042f976666093f1cdcf,male,group E,associate's degree,free/reduced,none,64,56,52
67f77042f976666093f1cd2c,male,group E,some college,standard,none,68,72,65
67f77042f976666093f1cd62,male,group D,bachelor's degree,free/reduced,completed,61,70,76
67f77042f976666093f1cdd3,male,group C,some college,free/reduced,completed,67,74,70
67f77042f976666093f1ccac,male,group D,some high school,standard,none,84,84,80
67f77042f976666093f1cda6,female,group C,bachelor's degree,free/reduced,none,43,62,61
67f77042f976666093f1cd34,female,group D,some college,free/reduced,completed,52,59,65
67f77042f976666093f1cbbe,female,group E,some high school,free/reduced,none,38,49,45
67f77042f976666093f1ce08,male,group C,some high school,standard,completed,78,72,69
67f77042f976666093f1cc39,female,group D,some high school,standard,completed,66,78,78
67f77042f976666093f1cb47,female,group E,high school,standard,completed,59,63,75
67f77042f976666093f1cd6f,female,group C,some high school,standard,none,65,69,76
67f77042f976666093f1cbf5,female,group D,master's degree,free/reduced,completed,47,58,67
67f77042f976666093f1cc2c,female,group B,some high school,standard,none,82,82,80
67f77042f976666093f1caac,female,group C,some college,standard,completed,88,93,93
67f77042f976666093f1ccef,female,group D,associate's degree,standard,completed,57,78,79
67f77042f976666093f1cb24,female,group B,bachelor's degree,standard,none,67,86,83
67f77042f976666093f1cda1,female,group C,some college,standard,completed,70,72,76
67f77042f976666093f1cc9b,female,group D,master's degree,free/reduced,completed,61,71,78
67f77042f976666093f1ccdb,male,group B,high school,standard,none,60,68,60
67f77042f976666093f1cbb1,female,group D,bachelor's degree,standard,none,59,70,73
67f77042f976666093f1ce11,female,group D,associate's degree,free/reduced,none,55,76,76
67f77042f976666093f1cd86,male,group B,some college,free/reduced,completed,74,77,76
67f77042f976666093f1cb25,male,group E,some high school,standard,none,92,87,78
67f77042f976666093f1cd4d,male,group C,bachelor's degree,standard,completed,91,81,79
67f77042f976666093f1cce0,male,group D,master's degree,standard,none,95,81,84
67f77042f976666093f1cb79,female,group C,some college,standard,none,82,90,94
67f77042f976666093f1ccc4,female,group C,some college,standard,none,58,59,66
67f77042f976666093f1cbd6,female,group C,bachelor's degree,free/reduced,completed,51,72,79
67f77042f976666093f1cdbe,male,group D,associate's degree,standard,completed,67,54,63
67f77042f976666093f1cd01,male,group C,some high school,standard,none,73,66,63
67f77042f976666093f1cba2,female,group C,some college,standard,none,59,71,70
67f77042f976666093f1cb3e,male,group C,associate's degree,standard,completed,78,77,77
67f77042f976666093f1cd24,female,group C,associate's degree,standard,completed,59,73,72
67f77042f976666093f1ccaf,female,group E,some college,standard,none,76,78,80
67f77042f976666093f1ccb4,female,group E,high school,standard,completed,74,79,80
67f77042f976666093f1cb56,female,group E,bachelor's degree,standard,none,65,73,75
67f77042f976666093f1cbb4,male,group E,associate's degree,free/reduced,none,46,43,41
67f77042f976666093f1cbbc,male,group D,master's degree,standard,none,73,70,75
67f77042f976666093f1cb1c,female,group B,associate's degree,standard,completed,52,66,73
67f77042f976666093f1cdf5,female,group C,some college,standard,none,62,69,69
67f77042f976666093f1cd6a,female,group C,some high school,free/reduced,none,48,58,52
67f77042f976666093f1cc14,male,group C,some college,free/reduced,none,68,68,61
67f77042f976666093f1cb97,female,group C,some college,free/reduced,completed,42,66,69
67f77042f976666093f1cc35,female,group B,master's degree,free/reduced,completed,77,97,94
67f77042f976666093f1ccbb,female,group D,some college,standard,completed,69,79,81
67f77042f976666093f1ce17,female,group D,some college,standard,completed,68,78,77
67f77042f976666093f1cddc,female,group E,some college,standard,none,68,70,66
67f77042f976666093f1cdc5,male,group D,bachelor's degree,free/reduced,none,50,42,48
67f77042f976666093f1cca7,female,group C,some high school,standard,completed,44,51,55
67f77042f976666093f1cd93,female,group C,bachelor's degree,standard,none,65,79,81
67f77042f976666093f1cd5f,female,group E,associate's degree,standard,none,87,94,95
67f77042f976666093f1ccc1,female,group B,some college,standard,none,62,67,67
67f77042f976666093f1cd8a,male,group D,high school,standard,none,64,54,50
67f77042f976666093f1cc68,female,group C,associate's degree,standard,completed,55,72,79
67f77042f976666093f1cdf9,male,group C,high school,standard,none,75,81,71
67f77042f976666093f1cc7d,female,group C,some college,standard,none,54,64,65
67f77042f976666093f1cd57,male,group E,some college,standard,none,69,60,54
67f77042f976666093f1ca91,male,group B,some high school,standard,completed,65,66,62
67f77042f976666093f1cb2e,male,group E,some college,standard,none,59,51,43
67f77042f976666093f1ccf6,female,group B,some high school,free/reduced,completed,59,63,64
67f77042f976666093f1cadb,male,group A,high school,standard,completed,72,73,74
67f77042f976666093f1cc48,male,group E,associate's degree,standard,completed,62,61,58
67f77042f976666093f1ca5f,male,group E,associate's degree,standard,completed,81,81,79
67f77042f976666093f1cc58,female,group D,master's degree,standard,none,64,63,66
67f77042f976666093f1cae6,female,group B,master's degree,free/reduced,completed,52,70,62
67f77042f976666093f1ccca,female,group C,some high school,free/reduced,completed,50,60,60
67f77042f976666093f1cdb6,female,group E,some college,standard,completed,86,85,91
67f77042f976666093f1cd95,male,group C,associate's degree,free/reduced,none,87,73,72
67f77042f976666093f1cd8b,female,group C,high school,standard,none,59,72,68
67f77042f976666093f1cdec,female,group C,associate's degree,standard,none,54,61,58
67f77042f976666093f1cd19,female,group B,associate's degree,free/reduced,completed,68,77,80
67f77042f976666093f1ca9b,female,group C,some college,standard,none,58,67,72
67f77042f976666093f1cc6f,female,group E,high school,standard,none,74,81,71
67f77042f976666093f1cb2c,male,group D,high school,free/reduced,completed,73,68,66
67f77042f976666093f1cd22,female,group A,associate's degree,free/reduced,none,37,57,56
67f77042f976666093f1cc7a,female,group C,associate's degree,standard,none,65,76,76
67f77042f976666093f1ccee,female,group A,bachelor's degree,standard,none,59,72,70
67f77042f976666093f1cc08,female,group C,high school,standard,none,63,69,74
67f77042f976666093f1cc65,male,group C,master's degree,free/reduced,none,61,67,66
67f77042f976666093f1cdb4,female,group E,associate's degree,standard,completed,93,100,95
67f77042f976666093f1cb0a,male,group E,bachelor's degree,standard,none,82,62,62
67f77042f976666093f1cbc4,male,group A,high school,free/reduced,none,48,45,41
67f77042f976666093f1cd56,female,group B,high school,standard,none,42,52,51
67f77042f976666093f1cbc9,male,group E,some college,standard,none,76,67,67
67f77042f976666093f1cd3a,female,group C,some college,free/reduced,none,35,44,43
67f77042f976666093f1cd8c,male,group D,associate's degree,standard,none,80,75,69
67f77042f976666093f1cb15,female,group C,high school,free/reduced,none,34,42,39
67f77042f976666093f1ca40,male,group C,some college,standard,none,76,78,75
67f77042f976666093f1cd3c,male,group D,some high school,standard,completed,78,81,86
67f77042f976666093f1ccbe,female,group D,some college,standard,completed,85,86,98
67f77042f976666093f1cddd,male,group E,bachelor's degree,standard,completed,70,64,70
67f77042f976666093f1cca0,male,group A,some college,standard,completed,100,96,86
67f77042f976666093f1cd1e,male,group D,bachelor's degree,standard,none,80,73,72
67f77042f976666093f1cc5e,male,group B,some college,free/reduced,none,41,39,34
67f77042f976666093f1cd11,male,group C,some college,standard,none,53,39,37
67f77042f976666093f1cce7,female,group C,associate's degree,standard,none,49,53,53
67f77042f976666093f1ca9e,female,group B,associate's degree,free/reduced,none,52,76,70
67f77042f976666093f1cd60,female,group B,some college,standard,none,82,85,87
67f77042f976666093f1cd13,male,group E,some high school,standard,completed,68,51,57
67f77042f976666093f1cc79,female,group D,some college,standard,none,69,77,77
67f77042f976666093f1cbd2,female,group D,high school,free/reduced,completed,52,57,56
67f77042f976666093f1cc32,male,group A,some high school,standard,none,64,50,43
67f77042f976666093f1ca6b,female,group C,high school,standard,none,66,71,76
67f77042f976666093f1ca5c,female,group E,master's degree,free/reduced,none,56,72,65
67f77042f976666093f1cd47,female,group B,high school,free/reduced,completed,76,85,82
67f77042f976666093f1cd83,female,group D,high school,free/reduced,none,39,52,46
67f77042f976666093f1cb04,female,group C,associate's degree,standard,completed,67,84,86
67f77042f976666093f1cac2,male,group C,some high school,standard,none,49,49,41
67f77042f976666093f1ca57,female,group A,master's degree,standard,none,50,53,58
67f77042f976666093f1cdac,male,group C,bachelor's degree,standard,completed,63,64,66
67f77042f976666093f1cb22,male,group D,some college,standard,none,76,64,66
67f77042f976666093f1cc25,female,group B,some high school,standard,none,66,69,68
67f77042f976666093f1cd40,male,group B,high school,standard,completed,76,62,60
67f77042f976666093f1cbb6,female,group D,master's degree,free/reduced,completed,85,95,100
67f77042f976666093f1cb5c,male,group D,associate's degree,free/reduced,none,90,87,75
67f77042f976666093f1cbde,male,group A,some high school,free/reduced,none,65,59,53
67f77042f976666093f1ccde,male,group B,some college,standard,completed,62,66,68
67f77042f976666093f1cbc3,female,group C,associate's degree,standard,none,85,89,95
67f77042f976666093f1cc8c,male,group D,some high school,standard,none,73,66,62
67f77042f976666093f1cc2e,male,group B,bachelor's degree,free/reduced,none,55,59,54
67f77042f976666093f1cac6,female,group D,bachelor's degree,standard,completed,68,75,81
67f77042f976666093f1ca7a,male,group E,associate's degree,free/reduced,completed,77,69,68
67f77042f976666093f1cc13,female,group D,associate's degree,free/reduced,none,52,59,56
67f77042f976666093f1ccc3,male,group D,some high school,standard,none,69,66,61
67f77042f976666093f1cabc,female,group C,associate's degree,standard,none,59,66,67
67f77042f976666093f1ce0c,male,group C,associate's degree,standard,none,62,65,58
67f77042f976666093f1cc44,female,group D,bachelor's degree,free/reduced,none,29,41,47
67f77042f976666093f1cd82,female,group C,associate's degree,standard,none,66,77,73
67f77042f976666093f1cdfe,male,group D,some college,standard,none,72,57,58
67f77042f976666093f1ca7c,male,group D,some college,standard,completed,58,59,58
67f77042f976666093f1cd68,female,group B,high school,free/reduced,none,71,87,82
67f77042f976666093f1ca4a,female,group C,some high school,standard,none,69,75,78
67f77042f976666093f1cad8,female,group B,master's degree,free/reduced,completed,58,76,78
67f77042f976666093f1ca64,female,group C,associate's degree,standard,none,58,73,68
67f77042f976666093f1cc28,female,group B,associate's degree,standard,completed,94,87,92
67f77042f976666093f1cbb7,female,group A,some high school,standard,none,71,83,77
67f77042f976666093f1caf7,male,group A,high school,standard,none,57,43,47
67f77042f976666093f1cd37,male,group B,some college,standard,none,66,65,60
67f77042f976666093f1cb14,female,group E,associate's degree,free/reduced,completed,83,86,88
67f77042f976666093f1cd53,male,group E,some high school,standard,completed,89,84,77
67f77042f976666093f1ca70,female,group C,associate's degree,standard,none,69,80,71
67f77042f976666093f1cdaa,female,group D,some high school,standard,none,59,72,80
67f77042f976666093f1cb8d,female,group D,some high school,free/reduced,completed,35,55,60
67f77042f976666093f1cd28,male,group C,master's degree,free/reduced,completed,79,77,75
67f77042f976666093f1cd0b,female,group B,some high school,free/reduced,completed,74,90,88
67f77042f976666093f1cd10,male,group C,high school,standard,none,50,48,42
67f77042f976666093f1cb63,male,group A,some college,standard,none,69,67,69
67f77042f976666093f1ccf9,male,group D,high school,standard,none,89,87,79
67f77042f976666093f1cb37,male,group D,master's degree,standard,none,80,80,72
67f77042f976666093f1cd12,female,group E,associate's degree,standard,completed,65,75,77
67f77042f976666093f1cc09,female,group C,associate's degree,standard,completed,68,86,84
67f77042f976666093f1cc03,female,group D,associate's degree,free/reduced,none,26,31,38
67f77042f976666093f1ce20,female,group C,associate's degree,standard,none,91,95,94
67f77042f976666093f1cd6b,male,group E,some high school,standard,completed,87,84,76
67f77042f976666093f1cd9a,female,group C,some college,standard,completed,71,71,80
67f77042f976666093f1cb49,male,group B,bachelor's degree,free/reduced,none,73,56,57
67f77042f976666093f1cb05,female,group D,some college,free/reduced,none,65,81,77
67f77042f976666093f1cadd,female,group D,some college,standard,none,79,86,81
67f77042f976666093f1cc67,female,group C,some college,free/reduced,none,32,39,33
67f77042f976666093f1cd15,male,group E,some college,standard,completed,81,74,71
67f77042f976666093f1cbcd,female,group A,some college,free/reduced,none,49,65,55
67f77042f976666093f1ccfa,female,group D,associate's degree,free/reduced,completed,42,61,58
67f77042f976666093f1cc18,male,group D,some college,free/reduced,none,61,47,56
67f77042f976666093f1cd71,female,group A,some college,free/reduced,none,61,60,57
67f77042f976666093f1cd3f,male,group B,high school,standard,none,52,48,49
67f77042f976666093f1caa5,male,group C,high school,standard,none,84,77,74
67f77042f976666093f1cc71,male,group A,bachelor's degree,standard,none,91,96,92
67f77042f976666093f1cbc1,female,group E,bachelor's degree,standard,none,64,73,70
67f77042f976666093f1ca3d,female,group C,some college,standard,completed,69,90,88
67f77042f976666093f1cde5,male,group D,some college,standard,completed,85,81,85
67f77042f976666093f1ce12,female,group D,bachelor's degree,free/reduced,none,62,72,74
67f77042f976666093f1cc6d,female,group C,some college,standard,none,53,62,56
67f77042f976666093f1ca8c,male,group C,high school,free/reduced,none,27,34,36
67f77042f976666093f1cb09,male,group D,some high school,standard,completed,74,71,78
67f77042f976666093f1ca5e,male,group E,some college,standard,none,97,87,82
67f77042f976666093f1cd43,male,group A,some college,free/reduced,none,58,60,57
67f77042f976666093f1cc38,female,group D,some college,standard,none,74,89,84
67f77042f976666093f1cbe7,male,group C,high school,standard,none,70,56,51
67f77042f976666093f1cc02,female,group C,some college,standard,none,84,87,91
67f77042f976666093f1cbaa,male,group C,bachelor's degree,free/reduced,none,61,66,61
67f77042f976666093f1ca97,male,group D,bachelor's degree,standard,completed,68,74,74
67f77042f976666093f1cb8f,female,group B,high school,standard,completed,69,76,74
67f77042f976666093f1cdbd,male,group B,high school,free/reduced,none,36,29,27
67f77042f976666093f1cc70,male,group A,associate's degree,free/reduced,completed,40,55,53
67f77042f976666093f1cb95,male,group A,associate's degree,standard,none,63,61,61
67f77042f976666093f1cd44,male,group D,bachelor's degree,standard,none,75,73,74
67f77042f976666093f1cb2d,female,group E,bachelor's degree,standard,none,80,83,83
67f77042f976666093f1ca49,female,group B,high school,standard,none,65,81,73
67f77042f976666093f1cb77,female,group C,some high school,free/reduced,none,43,53,53
67f77042f976666093f1cc94,female,group E,bachelor's degree,free/reduced,completed,92,100,100
67f77042f976666093f1cbbf,female,group A,some high school,free/reduced,none,38,43,43
67f77042f976666093f1cb4d,female,group E,some college,free/reduced,none,71,76,70
67f77042f976666093f1cae2,female,group C,associate's degree,standard,completed,71,77,77
67f77042f976666093f1cd84,male,group C,some high school,standard,none,64,58,51
67f77042f976666093f1ce1c,female,group A,some high school,free/reduced,none,44,45,45
67f77042f976666093f1ccc2,male,group C,associate's degree,free/reduced,none,77,67,64
67f77042f976666093f1cd6e,male,group B,some high school,standard,none,68,54,53
67f77042f976666093f1cc20,female,group C,high school,standard,none,61,72,70
67f77042f976666093f1ce10,female,group B,some high school,standard,completed,65,82,78
67f77042f976666093f1cc34,female,group B,some high school,standard,completed,54,61,62
67f77042f976666093f1cd7b,male,group B,bachelor's degree,standard,none,59,54,51
67f77042f976666093f1cb2f,female,group D,high school,standard,none,56,52,55
67f77042f976666093f1cc72,male,group A,some college,standard,completed,61,51,52
67f77042f976666093f1cda7,male,group C,some college,free/reduced,none,80,64,66
67f77042f976666093f1cc6e,female,group C,high school,free/reduced,completed,50,66,64
67f77042f976666093f1ccea,female,group D,associate's degree,standard,none,77,77,73
67f77042f976666093f1caf9,male,group B,some college,free/reduced,none,60,60,60
67f77042f976666093f1cd4a,female,group B,master's degree,standard,none,77,90,84
67f77042f976666093f1ccf7,male,group A,bachelor's degree,free/reduced,none,62,72,65
67f77042f976666093f1cc17,male,group C,high school,standard,none,70,74,71
67f77042f976666093f1cce5,male,group D,some college,free/reduced,completed,69,60,63
67f77042f976666093f1cc3a,male,group D,some college,standard,none,71,49,52
67f77042f976666093f1ca76,female,group C,associate's degree,standard,none,39,64,57
67f77042f976666093f1cc16,female,group B,associate's degree,standard,none,49,52,54
67f77042f976666093f1cc6c,male,group B,some college,standard,completed,71,75,70
67f77042f976666093f1cd94,male,group B,high school,standard,completed,52,49,46
67f77042f976666093f1cd27,male,group D,high school,standard,none,69,75,71
67f77042f976666093f1cb38,female,group D,some college,free/reduced,none,71,83,83
67f77042f976666093f1ca51,male,group D,some college,standard,none,44,54,53
67f77042f976666093f1cb75,female,group E,high school,standard,none,75,86,79
67f77042f976666093f1cc07,female,group C,associate's degree,standard,completed,83,85,90
67f77042f976666093f1cadc,male,group E,some high school,standard,none,94,88,78
67f77042f976666093f1cb50,female,group D,high school,standard,none,69,72,77
67f77042f976666093f1cdf7,male,group C,some college,standard,none,84,87,81
67f77042f976666093f1cafb,female,group E,high school,free/reduced,completed,66,74,78
67f77042f976666093f1cbbd,female,group D,high school,standard,none,62,64,64
67f77042f976666093f1cd61,female,group C,some college,standard,none,73,76,78
67f77042f976666093f1cbd9,male,group E,some college,standard,completed,84,83,78
67f77042f976666093f1cc27,female,group D,master's degree,standard,none,74,79,82
67f77042f976666093f1cb93,male,group D,associate's degree,standard,completed,67,72,67
67f77042f976666093f1cd3d,female,group B,high school,standard,none,62,62,63
67f77042f976666093f1cb70,female,group D,master's degree,standard,completed,77,82,91
67f77042f976666093f1ccd1,female,group C,some college,standard,none,69,78,76
67f77042f976666093f1cabe,female,group D,some high school,standard,none,76,72,71
67f77042f976666093f1ccd3,female,group C,associate's degree,standard,completed,65,84,84
67f77042f976666093f1cda3,male,group E,associate's degree,free/reduced,completed,78,74,72
67f77042f976666093f1ca9f,male,group B,high school,standard,completed,60,44,47
67f77042f976666093f1cbb0,female,group C,some college,free/reduced,completed,45,73,70
67f77042f976666093f1ca93,female,group B,associate's degree,standard,none,47,49,50
67f77042f976666093f1cc06,male,group C,some college,standard,none,91,74,76
67f77042f976666093f1cb86,male,group C,associate's degree,standard,none,49,51,43
67f77042f976666093f1cb12,male,group E,high school,standard,completed,87,91,81
67f77042f976666093f1cc0e,male,group D,associate's degree,standard,none,80,68,72
67f77042f976666093f1cab5,male,group C,some high school,free/reduced,completed,53,37,40
67f77042f976666093f1cca2,male,group D,master's degree,free/reduced,completed,84,89,90
67f77042f976666093f1ca50,female,group B,some college,free/reduced,completed,65,75,70
67f77042f976666093f1ccf8,male,group D,high school,standard,none,46,34,36
67f77042f976666093f1ca83,male,group A,some college,free/reduced,completed,50,47,54
67f77042f976666093f1caa6,female,group B,bachelor's degree,free/reduced,none,75,85,82
67f77042f976666093f1cb4a,male,group D,high school,standard,none,53,52,42
67f77042f976666093f1cd98,female,group C,associate's degree,standard,none,53,62,53
67f77042f976666093f1cbef,female,group C,some high school,standard,completed,67,74,77
67f77042f976666093f1caa2,female,group C,some high school,free/reduced,none,0,17,10
